ID1,ID,@id,samplesamplingPoint,samplesamplingPointnotation,samplesamplingPointlabel,samplesampleDateTime,determinandlabel,determinanddefinition,determinandnotation,resultQualifiernotation,result,codedResultInterpretationinterpretation,determinandunitlabel,samplesampledMaterialTypelabel,sampleisComplianceSample,samplepurposelabel,samplesamplingPointeasting,samplesamplingPointnorthing
1,1,http://environment.data.gov.uk/water-quality/data/measurement/AN-1168126-3164,http://environment.data.gov.uk/water-quality/id/sampling-point/AN-01M04,AN-01M04,R.OUSE A422 RD.BR.BRACKLEY,2002-02-13T10:45:00,Chromium -Cr,Chromium,3164,None,1.9,None,ug/l,RIVER / RUNNING SURFACE WATER,False,ENVIRONMENTAL MONITORING STATUTORY (EU DIRECTIVES),459427,236819
2,2,http://environment.data.gov.uk/water-quality/data/measurement/AN-1168126-6051,http://environment.data.gov.uk/water-quality/id/sampling-point/AN-01M04,AN-01M04,R.OUSE A422 RD.BR.BRACKLEY,2002-02-13T10:45:00,Iron - as Fe,Iron,6051,None,1120.0,None,ug/l,RIVER / RUNNING SURFACE WATER,False,ENVIRONMENTAL MONITORING STATUTORY (EU DIRECTIVES),459427,236819
3,3,http://environment.data.gov.uk/water-quality/data/measurement/AN-1168126-0180,http://environment.data.gov.uk/water-quality/id/sampling-point/AN-01M04,AN-01M04,R.OUSE A422 RD.BR.BRACKLEY,2002-02-13T10:45:00,Orthophospht,"Orthophosphate, reactive as P",180,None,0.113,None,mg/l,RIVER / RUNNING SURFACE WATER,False,ENVIRONMENTAL MONITORING STATUTORY (EU DIRECTIVES),459427,236819
4,4,http://environment.data.gov.uk/water-quality/data/measurement/AN-1168126-0077,http://environment.data.gov.uk/water-quality/id/sampling-point/AN-01M04,AN-01M04,R.OUSE A422 RD.BR.BRACKLEY,2002-02-13T10:45:00,Cond @ 25C,Conductivity at 25 C,77,None,675.0,None,us/cm,RIVER / RUNNING SURFACE WATER,False,ENVIRONMENTAL MONITORING STATUTORY (EU DIRECTIVES),459427,236819
5,5,http://environment.data.gov.uk/water-quality/data/measurement/AN-1168126-6455,http://environment.data.gov.uk/water-quality/id/sampling-point/AN-01M04,AN-01M04,R.OUSE A422 RD.BR.BRACKLEY,2002-02-13T10:45:00,Zinc - as Zn,Zinc,6455,None,19.5,None,ug/l,RIVER / RUNNING SURFACE WATER,False,ENVIRONMENTAL MONITORING STATUTORY (EU DIRECTIVES),459427,236819
6,6,http://environment.data.gov.uk/water-quality/data/measurement/AN-1168126-0664,http://environment.data.gov.uk/water-quality/id/sampling-point/AN-01M04,AN-01M04,R.OUSE A422 RD.BR.BRACKLEY,2002-02-13T10:45:00,Oil & Grs Vs,"Visible oil or grease, significant trace: Present/Not found (1/0)",664,None,0.0,None,pres/nf,RIVER / RUNNING SURFACE WATER,False,ENVIRONMENTAL MONITORING STATUTORY (EU DIRECTIVES),459427,236819
7,7,http://environment.data.gov.uk/water-quality/data/measurement/AN-1168126-0061,http://environment.data.gov.uk/water-quality/id/sampling-point/AN-01M04,AN-01M04,R.OUSE A422 RD.BR.BRACKLEY,2002-02-13T10:45:00,pH,pH,61,None,8.2,None,phunits,RIVER / RUNNING SURFACE WATER,False,ENVIRONMENTAL MONITORING STATUTORY (EU DIRECTIVES),459427,236819
8,17,http://environment.data.gov.uk/water-quality/data/measurement/AN-1171523-6460,http://environment.data.gov.uk/water-quality/id/sampling-point/AN-01M04,AN-01M04,R.OUSE A422 RD.BR.BRACKLEY,2002-03-15T11:30:00,Fe- Filt,"Iron, Dissolved",6460,None,30.0,None,ug/l,RIVER / RUNNING SURFACE WATER,False,ENVIRONMENTAL MONITORING STATUTORY (EU DIRECTIVES),459427,236819
9,27,http://environment.data.gov.uk/water-quality/data/measurement/AN-1171523-6450,http://environment.data.gov.uk/water-quality/id/sampling-point/AN-01M04,AN-01M04,R.OUSE A422 RD.BR.BRACKLEY,2002-03-15T11:30:00,Cu Filtered,"Copper, Dissolved",6450,None,2.5,None,ug/l,RIVER / RUNNING SURFACE WATER,False,ENVIRONMENTAL MONITORING STATUTORY (EU DIRECTIVES),459427,236819
10,37,http://environment.data.gov.uk/water-quality/data/measurement/AN-1171523-0111,http://environment.data.gov.uk/water-quality/id/sampling-point/AN-01M04,AN-01M04,R.OUSE A422 RD.BR.BRACKLEY,2002-03-15T11:30:00,Ammonia(N),Ammoniacal Nitrogen as N,111,None,0.047,None,mg/l,RIVER / RUNNING SURFACE WATER,False,ENVIRONMENTAL MONITORING STATUTORY (EU DIRECTIVES),459427,236819
11,47,http://environment.data.gov.uk/water-quality/data/measurement/AN-1174854-6452,http://environment.data.gov.uk/water-quality/id/sampling-point/AN-01M04,AN-01M04,R.OUSE A422 RD.BR.BRACKLEY,2002-04-16T11:40:00,Copper - Cu,Copper,6452,None,2.6,None,ug/l,RIVER / RUNNING SURFACE WATER,False,ENVIRONMENTAL MONITORING STATUTORY (EU DIRECTIVES),459427,236819
12,57,http://environment.data.gov.uk/water-quality/data/measurement/AN-1174854-0348,http://environment.data.gov.uk/water-quality/id/sampling-point/AN-01M04,AN-01M04,R.OUSE A422 RD.BR.BRACKLEY,2002-04-16T11:40:00,Phosphorus-P,"Phosphorus, Total as P",348,None,0.056,None,mg/l,RIVER / RUNNING SURFACE WATER,False,ENVIRONMENTAL MONITORING STATUTORY (EU DIRECTIVES),459427,236819
13,67,http://environment.data.gov.uk/water-quality/data/measurement/AN-1174854-0108,http://environment.data.gov.uk/water-quality/id/sampling-point/AN-01M04,AN-01M04,R.OUSE A422 RD.BR.BRACKLEY,2002-04-16T11:40:00,Cadmium - Cd,Cadmium,108,None,0.1,None,ug/l,RIVER / RUNNING SURFACE WATER,False,ENVIRONMENTAL MONITORING STATUTORY (EU DIRECTIVES),459427,236819
14,77,http://environment.data.gov.uk/water-quality/data/measurement/AN-1178450-0108,http://environment.data.gov.uk/water-quality/id/sampling-point/AN-01M04,AN-01M04,R.OUSE A422 RD.BR.BRACKLEY,2002-05-22T09:45:00,Cadmium - Cd,Cadmium,108,None,0.1,None,ug/l,RIVER / RUNNING SURFACE WATER,False,ENVIRONMENTAL MONITORING STATUTORY (EU DIRECTIVES),459427,236819
15,87,http://environment.data.gov.uk/water-quality/data/measurement/AN-1178450-3164,http://environment.data.gov.uk/water-quality/id/sampling-point/AN-01M04,AN-01M04,R.OUSE A422 RD.BR.BRACKLEY,2002-05-22T09:45:00,Chromium -Cr,Chromium,3164,None,1.9,None,ug/l,RIVER / RUNNING SURFACE WATER,False,ENVIRONMENTAL MONITORING STATUTORY (EU DIRECTIVES),459427,236819
16,97,http://environment.data.gov.uk/water-quality/data/measurement/AN-1178450-6455,http://environment.data.gov.uk/water-quality/id/sampling-point/AN-01M04,AN-01M04,R.OUSE A422 RD.BR.BRACKLEY,2002-05-22T09:45:00,Zinc - as Zn,Zinc,6455,None,6.5,None,ug/l,RIVER / RUNNING SURFACE WATER,False,ENVIRONMENTAL MONITORING STATUTORY (EU DIRECTIVES),459427,236819
17,107,http://environment.data.gov.uk/water-quality/data/measurement/AN-1184221-0111,http://environment.data.gov.uk/water-quality/id/sampling-point/AN-011396,AN-011396,BUCKINGHAM GOLF CLUB TINGEWICK RD.,2002-07-15T11:30:00,Ammonia(N),Ammoniacal Nitrogen as N,111,None,15.3,None,mg/l,FINAL SEWAGE EFFLUENT,True,COMPLIANCE AUDIT (PERMIT),467020,233400
18,117,http://environment.data.gov.uk/water-quality/data/measurement/AN-1165737-9901,http://environment.data.gov.uk/water-quality/id/sampling-point/AN-01M04,AN-01M04,R.OUSE A422 RD.BR.BRACKLEY,2002-01-23T12:10:00,O Diss %sat,"Oxygen, Dissolved, % Saturation",9901,None,91.4,None,%,RIVER / RUNNING SURFACE WATER,False,ENVIRONMENTAL MONITORING STATUTORY (EU DIRECTIVES),459427,236819
19,127,http://environment.data.gov.uk/water-quality/data/measurement/AN-1165737-0111,http://environment.data.gov.uk/water-quality/id/sampling-point/AN-01M04,AN-01M04,R.OUSE A422 RD.BR.BRACKLEY,2002-01-23T12:10:00,Ammonia(N),Ammoniacal Nitrogen as N,111,None,0.066,None,mg/l,RIVER / RUNNING SURFACE WATER,False,ENVIRONMENTAL MONITORING STATUTORY (EU DIRECTIVES),459427,236819
20,137,http://environment.data.gov.uk/water-quality/data/measurement/AN-1165737-0172,http://environment.data.gov.uk/water-quality/id/sampling-point/AN-01M04,AN-01M04,R.OUSE A422 RD.BR.BRACKLEY,2002-01-23T12:10:00,Chloride Ion,Chloride,172,None,40.2,None,mg/l,RIVER / RUNNING SURFACE WATER,False,ENVIRONMENTAL MONITORING STATUTORY (EU DIRECTIVES),459427,236819
21,147,http://environment.data.gov.uk/water-quality/data/measurement/AN-1168126-9639,http://environment.data.gov.uk/water-quality/id/sampling-point/AN-01M04,AN-01M04,R.OUSE A422 RD.BR.BRACKLEY,2002-02-13T10:45:00,OdourPhenolc,Odour : Phenolic,9639,None,0.0,None,pres/nf,RIVER / RUNNING SURFACE WATER,False,ENVIRONMENTAL MONITORING STATUTORY (EU DIRECTIVES),459427,236819
22,157,http://environment.data.gov.uk/water-quality/data/measurement/AN-1180779-0348,http://environment.data.gov.uk/water-quality/id/sampling-point/AN-01M04,AN-01M04,R.OUSE A422 RD.BR.BRACKLEY,2002-06-14T12:15:00,Phosphorus-P,"Phosphorus, Total as P",348,None,0.14400000000000002,None,mg/l,RIVER / RUNNING SURFACE WATER,False,ENVIRONMENTAL MONITORING STATUTORY (EU DIRECTIVES),459427,236819
23,167,http://environment.data.gov.uk/water-quality/data/measurement/AN-1180779-0076,http://environment.data.gov.uk/water-quality/id/sampling-point/AN-01M04,AN-01M04,R.OUSE A422 RD.BR.BRACKLEY,2002-06-14T12:15:00,Temp Water,Temperature of Water,76,None,15.0,None,cel,RIVER / RUNNING SURFACE WATER,False,ENVIRONMENTAL MONITORING STATUTORY (EU DIRECTIVES),459427,236819
24,177,http://environment.data.gov.uk/water-quality/data/measurement/AN-1180779-0664,http://environment.data.gov.uk/water-quality/id/sampling-point/AN-01M04,AN-01M04,R.OUSE A422 RD.BR.BRACKLEY,2002-06-14T12:15:00,Oil & Grs Vs,"Visible oil or grease, significant trace: Present/Not found (1/0)",664,None,0.0,None,pres/nf,RIVER / RUNNING SURFACE WATER,False,ENVIRONMENTAL MONITORING STATUTORY (EU DIRECTIVES),459427,236819
25,187,http://environment.data.gov.uk/water-quality/data/measurement/AN-1183634-6452,http://environment.data.gov.uk/water-quality/id/sampling-point/AN-01M04,AN-01M04,R.OUSE A422 RD.BR.BRACKLEY,2002-07-12T11:00:00,Copper - Cu,Copper,6452,None,3.7,None,ug/l,RIVER / RUNNING SURFACE WATER,False,ENVIRONMENTAL MONITORING STATUTORY (EU DIRECTIVES),459427,236819
26,197,http://environment.data.gov.uk/water-quality/data/measurement/AN-1183634-0118,http://environment.data.gov.uk/water-quality/id/sampling-point/AN-01M04,AN-01M04,R.OUSE A422 RD.BR.BRACKLEY,2002-07-12T11:00:00,Nitrite-N,Nitrite as N,118,None,0.0351,None,mg/l,RIVER / RUNNING SURFACE WATER,False,ENVIRONMENTAL MONITORING STATUTORY (EU DIRECTIVES),459427,236819
27,207,http://environment.data.gov.uk/water-quality/data/measurement/AN-1184667-0116,http://environment.data.gov.uk/water-quality/id/sampling-point/AN-01M04,AN-01M04,R.OUSE A422 RD.BR.BRACKLEY,2002-07-22T11:10:00,N Oxidised,"Nitrogen, Total Oxidised as N",116,None,4.86,None,mg/l,RIVER / RUNNING SURFACE WATER,False,PLANNED INVESTIGATION (LOCAL MONITORING),459427,236819
28,217,http://environment.data.gov.uk/water-quality/data/measurement/AN-1186903-0111,http://environment.data.gov.uk/water-quality/id/sampling-point/AN-01M04,AN-01M04,R.OUSE A422 RD.BR.BRACKLEY,2002-08-01T12:45:00,Ammonia(N),Ammoniacal Nitrogen as N,111,None,0.079,None,mg/l,RIVER / RUNNING SURFACE WATER,False,ENVIRONMENTAL MONITORING STATUTORY (EU DIRECTIVES),459427,236819
29,227,http://environment.data.gov.uk/water-quality/data/measurement/AN-1186903-6455,http://environment.data.gov.uk/water-quality/id/sampling-point/AN-01M04,AN-01M04,R.OUSE A422 RD.BR.BRACKLEY,2002-08-01T12:45:00,Zinc - as Zn,Zinc,6455,None,5.4,None,ug/l,RIVER / RUNNING SURFACE WATER,False,ENVIRONMENTAL MONITORING STATUTORY (EU DIRECTIVES),459427,236819
30,237,http://environment.data.gov.uk/water-quality/data/measurement/AN-1188347-0180,http://environment.data.gov.uk/water-quality/id/sampling-point/AN-01M04,AN-01M04,R.OUSE A422 RD.BR.BRACKLEY,2002-08-19T10:30:00,Orthophospht,"Orthophosphate, reactive as P",180,None,0.164,None,mg/l,RIVER / RUNNING SURFACE WATER,False,PLANNED INVESTIGATION (LOCAL MONITORING),459427,236819
31,247,http://environment.data.gov.uk/water-quality/data/measurement/AN-1190154-0348,http://environment.data.gov.uk/water-quality/id/sampling-point/AN-01M04,AN-01M04,R.OUSE A422 RD.BR.BRACKLEY,2002-09-02T12:30:00,Phosphorus-P,"Phosphorus, Total as P",348,None,0.258,None,mg/l,RIVER / RUNNING SURFACE WATER,False,ENVIRONMENTAL MONITORING STATUTORY (EU DIRECTIVES),459427,236819
32,257,http://environment.data.gov.uk/water-quality/data/measurement/AN-1190154-9639,http://environment.data.gov.uk/water-quality/id/sampling-point/AN-01M04,AN-01M04,R.OUSE A422 RD.BR.BRACKLEY,2002-09-02T12:30:00,OdourPhenolc,Odour : Phenolic,9639,None,0.0,None,pres/nf,RIVER / RUNNING SURFACE WATER,False,ENVIRONMENTAL MONITORING STATUTORY (EU DIRECTIVES),459427,236819
33,267,http://environment.data.gov.uk/water-quality/data/measurement/AN-1194047-0180,http://environment.data.gov.uk/water-quality/id/sampling-point/AN-01M04,AN-01M04,R.OUSE A422 RD.BR.BRACKLEY,2002-09-18T21:35:00,Orthophospht,"Orthophosphate, reactive as P",180,None,0.148,None,mg/l,RIVER / RUNNING SURFACE WATER,False,UNPLANNED REACTIVE MONITORING FORMAL (POLLUTION INCIDENTS),459427,236819
34,277,http://environment.data.gov.uk/water-quality/data/measurement/AN-1194047-5561,http://environment.data.gov.uk/water-quality/id/sampling-point/AN-01M04,AN-01M04,R.OUSE A422 RD.BR.BRACKLEY,2002-09-18T21:35:00,m-Cresol,3-Methylphenol :- {m-Cresol},5561,None,0.04,None,ug/l,RIVER / RUNNING SURFACE WATER,False,UNPLANNED REACTIVE MONITORING FORMAL (POLLUTION INCIDENTS),459427,236819
35,287,http://environment.data.gov.uk/water-quality/data/measurement/AN-1194047-9819,http://environment.data.gov.uk/water-quality/id/sampling-point/AN-01M04,AN-01M04,R.OUSE A422 RD.BR.BRACKLEY,2002-09-18T21:35:00,"2,4,6-T","2,4,6-Trichlorophenol",9819,None,0.04,None,ug/l,RIVER / RUNNING SURFACE WATER,False,UNPLANNED REACTIVE MONITORING FORMAL (POLLUTION INCIDENTS),459427,236819
36,297,http://environment.data.gov.uk/water-quality/data/measurement/AN-1195995-6455,http://environment.data.gov.uk/water-quality/id/sampling-point/AN-01M04,AN-01M04,R.OUSE A422 RD.BR.BRACKLEY,2002-10-15T12:25:00,Zinc - as Zn,Zinc,6455,None,13.2,None,ug/l,RIVER / RUNNING SURFACE WATER,False,ENVIRONMENTAL MONITORING STATUTORY (EU DIRECTIVES),459427,236819
37,307,http://environment.data.gov.uk/water-quality/data/measurement/AN-1195995-0116,http://environment.data.gov.uk/water-quality/id/sampling-point/AN-01M04,AN-01M04,R.OUSE A422 RD.BR.BRACKLEY,2002-10-15T12:25:00,N Oxidised,"Nitrogen, Total Oxidised as N",116,None,3.06,None,mg/l,RIVER / RUNNING SURFACE WATER,False,ENVIRONMENTAL MONITORING STATUTORY (EU DIRECTIVES),459427,236819
38,317,http://environment.data.gov.uk/water-quality/data/measurement/AN-1195995-0172,http://environment.data.gov.uk/water-quality/id/sampling-point/AN-01M04,AN-01M04,R.OUSE A422 RD.BR.BRACKLEY,2002-10-15T12:25:00,Chloride Ion,Chloride,172,None,31.3,None,mg/l,RIVER / RUNNING SURFACE WATER,False,ENVIRONMENTAL MONITORING STATUTORY (EU DIRECTIVES),459427,236819
39,327,http://environment.data.gov.uk/water-quality/data/measurement/AN-1200983-0050,http://environment.data.gov.uk/water-quality/id/sampling-point/AN-01M04,AN-01M04,R.OUSE A422 RD.BR.BRACKLEY,2002-11-15T16:05:00,Lead - as Pb,Lead,50,None,2.6,None,ug/l,RIVER / RUNNING SURFACE WATER,False,ENVIRONMENTAL MONITORING STATUTORY (EU DIRECTIVES),459427,236819
40,337,http://environment.data.gov.uk/water-quality/data/measurement/AN-1200983-0085,http://environment.data.gov.uk/water-quality/id/sampling-point/AN-01M04,AN-01M04,R.OUSE A422 RD.BR.BRACKLEY,2002-11-15T16:05:00,BOD ATU,BOD : 5 Day ATU,85,None,1.3,None,mg/l,RIVER / RUNNING SURFACE WATER,False,ENVIRONMENTAL MONITORING STATUTORY (EU DIRECTIVES),459427,236819
41,347,http://environment.data.gov.uk/water-quality/data/measurement/AN-1200983-0061,http://environment.data.gov.uk/water-quality/id/sampling-point/AN-01M04,AN-01M04,R.OUSE A422 RD.BR.BRACKLEY,2002-11-15T16:05:00,pH,pH,61,None,8.05,None,phunits,RIVER / RUNNING SURFACE WATER,False,ENVIRONMENTAL MONITORING STATUTORY (EU DIRECTIVES),459427,236819
42,357,http://environment.data.gov.uk/water-quality/data/measurement/AN-1202758-0077,http://environment.data.gov.uk/water-quality/id/sampling-point/AN-01M04,AN-01M04,R.OUSE A422 RD.BR.BRACKLEY,2002-12-09T14:51:00,Cond @ 25C,Conductivity at 25 C,77,None,726.0,None,us/cm,RIVER / RUNNING SURFACE WATER,False,ENVIRONMENTAL MONITORING STATUTORY (EU DIRECTIVES),459427,236819
43,367,http://environment.data.gov.uk/water-quality/data/measurement/AN-1202758-0116,http://environment.data.gov.uk/water-quality/id/sampling-point/AN-01M04,AN-01M04,R.OUSE A422 RD.BR.BRACKLEY,2002-12-09T14:51:00,N Oxidised,"Nitrogen, Total Oxidised as N",116,None,7.94,None,mg/l,RIVER / RUNNING SURFACE WATER,False,ENVIRONMENTAL MONITORING STATUTORY (EU DIRECTIVES),459427,236819
44,377,http://environment.data.gov.uk/water-quality/data/measurement/AN-1202758-6460,http://environment.data.gov.uk/water-quality/id/sampling-point/AN-01M04,AN-01M04,R.OUSE A422 RD.BR.BRACKLEY,2002-12-09T14:51:00,Fe- Filt,"Iron, Dissolved",6460,None,30.0,None,ug/l,RIVER / RUNNING SURFACE WATER,False,ENVIRONMENTAL MONITORING STATUTORY (EU DIRECTIVES),459427,236819
45,387,http://environment.data.gov.uk/water-quality/data/measurement/AN-1165738-6452,http://environment.data.gov.uk/water-quality/id/sampling-point/AN-01M05,AN-01M05,R.OUSE FULWELL CROSSING,2002-01-23T11:00:00,Copper - Cu,Copper,6452,None,3.6,None,ug/l,RIVER / RUNNING SURFACE WATER,False,ENVIRONMENTAL MONITORING STATUTORY (EU DIRECTIVES),462655,234551
46,397,http://environment.data.gov.uk/water-quality/data/measurement/AN-1165738-0050,http://environment.data.gov.uk/water-quality/id/sampling-point/AN-01M05,AN-01M05,R.OUSE FULWELL CROSSING,2002-01-23T11:00:00,Lead - as Pb,Lead,50,None,2.0,None,ug/l,RIVER / RUNNING SURFACE WATER,False,ENVIRONMENTAL MONITORING STATUTORY (EU DIRECTIVES),462655,234551
47,407,http://environment.data.gov.uk/water-quality/data/measurement/AN-1167780-6462,http://environment.data.gov.uk/water-quality/id/sampling-point/AN-01M05,AN-01M05,R.OUSE FULWELL CROSSING,2002-02-13T09:50:00,Nickel - Ni,Nickel,6462,None,5.0,None,ug/l,RIVER / RUNNING SURFACE WATER,False,ENVIRONMENTAL MONITORING STATUTORY (EU DIRECTIVES),462655,234551
48,417,http://environment.data.gov.uk/water-quality/data/measurement/AN-1167780-0085,http://environment.data.gov.uk/water-quality/id/sampling-point/AN-01M05,AN-01M05,R.OUSE FULWELL CROSSING,2002-02-13T09:50:00,BOD ATU,BOD : 5 Day ATU,85,None,1.5,None,mg/l,RIVER / RUNNING SURFACE WATER,False,ENVIRONMENTAL MONITORING STATUTORY (EU DIRECTIVES),462655,234551
49,427,http://environment.data.gov.uk/water-quality/data/measurement/AN-1170887-0119,http://environment.data.gov.uk/water-quality/id/sampling-point/AN-01M05,AN-01M05,R.OUSE FULWELL CROSSING,2002-03-15T10:45:00,NH3 un-ion,Ammonia un-ionised as N,119,None,0.0004,None,mg/l,RIVER / RUNNING SURFACE WATER,False,ENVIRONMENTAL MONITORING STATUTORY (EU DIRECTIVES),462655,234551
50,437,http://environment.data.gov.uk/water-quality/data/measurement/AN-1170887-6051,http://environment.data.gov.uk/water-quality/id/sampling-point/AN-01M05,AN-01M05,R.OUSE FULWELL CROSSING,2002-03-15T10:45:00,Iron - as Fe,Iron,6051,None,158.0,None,ug/l,RIVER / RUNNING SURFACE WATER,False,ENVIRONMENTAL MONITORING STATUTORY (EU DIRECTIVES),462655,234551
51,447,http://environment.data.gov.uk/water-quality/data/measurement/AN-1174855-0076,http://environment.data.gov.uk/water-quality/id/sampling-point/AN-01M05,AN-01M05,R.OUSE FULWELL CROSSING,2002-04-16T10:40:00,Temp Water,Temperature of Water,76,None,8.8,None,cel,RIVER / RUNNING SURFACE WATER,False,ENVIRONMENTAL MONITORING STATUTORY (EU DIRECTIVES),462655,234551
52,457,http://environment.data.gov.uk/water-quality/data/measurement/AN-1174855-0180,http://environment.data.gov.uk/water-quality/id/sampling-point/AN-01M05,AN-01M05,R.OUSE FULWELL CROSSING,2002-04-16T10:40:00,Orthophospht,"Orthophosphate, reactive as P",180,None,0.074,None,mg/l,RIVER / RUNNING SURFACE WATER,False,ENVIRONMENTAL MONITORING STATUTORY (EU DIRECTIVES),462655,234551
53,467,http://environment.data.gov.uk/water-quality/data/measurement/AN-1178451-0085,http://environment.data.gov.uk/water-quality/id/sampling-point/AN-01M05,AN-01M05,R.OUSE FULWELL CROSSING,2002-05-22T10:00:00,BOD ATU,BOD : 5 Day ATU,85,None,2.7,None,mg/l,RIVER / RUNNING SURFACE WATER,False,ENVIRONMENTAL MONITORING STATUTORY (EU DIRECTIVES),462655,234551
54,477,http://environment.data.gov.uk/water-quality/data/measurement/AN-1178451-0068,http://environment.data.gov.uk/water-quality/id/sampling-point/AN-01M05,AN-01M05,R.OUSE FULWELL CROSSING,2002-05-22T10:00:00,Turbidity,Turbidity,68,None,12.5,None,ftu,RIVER / RUNNING SURFACE WATER,False,ENVIRONMENTAL MONITORING STATUTORY (EU DIRECTIVES),462655,234551
55,487,http://environment.data.gov.uk/water-quality/data/measurement/AN-1180435-0180,http://environment.data.gov.uk/water-quality/id/sampling-point/AN-01M05,AN-01M05,R.OUSE FULWELL CROSSING,2002-06-14T11:35:00,Orthophospht,"Orthophosphate, reactive as P",180,None,0.293,None,mg/l,RIVER / RUNNING SURFACE WATER,False,ENVIRONMENTAL MONITORING STATUTORY (EU DIRECTIVES),462655,234551
56,497,http://environment.data.gov.uk/water-quality/data/measurement/AN-1180435-0085,http://environment.data.gov.uk/water-quality/id/sampling-point/AN-01M05,AN-01M05,R.OUSE FULWELL CROSSING,2002-06-14T11:35:00,BOD ATU,BOD : 5 Day ATU,85,None,1.8,None,mg/l,RIVER / RUNNING SURFACE WATER,False,ENVIRONMENTAL MONITORING STATUTORY (EU DIRECTIVES),462655,234551
57,507,http://environment.data.gov.uk/water-quality/data/measurement/AN-1183635-0116,http://environment.data.gov.uk/water-quality/id/sampling-point/AN-01M05,AN-01M05,R.OUSE FULWELL CROSSING,2002-07-12T10:30:00,N Oxidised,"Nitrogen, Total Oxidised as N",116,None,10.5,None,mg/l,RIVER / RUNNING SURFACE WATER,False,ENVIRONMENTAL MONITORING STATUTORY (EU DIRECTIVES),462655,234551
58,517,http://environment.data.gov.uk/water-quality/data/measurement/AN-1183635-0050,http://environment.data.gov.uk/water-quality/id/sampling-point/AN-01M05,AN-01M05,R.OUSE FULWELL CROSSING,2002-07-12T10:30:00,Lead - as Pb,Lead,50,None,2.0,None,ug/l,RIVER / RUNNING SURFACE WATER,False,ENVIRONMENTAL MONITORING STATUTORY (EU DIRECTIVES),462655,234551
59,527,http://environment.data.gov.uk/water-quality/data/measurement/AN-1186904-6452,http://environment.data.gov.uk/water-quality/id/sampling-point/AN-01M05,AN-01M05,R.OUSE FULWELL CROSSING,2002-08-01T12:20:00,Copper - Cu,Copper,6452,None,4.9,None,ug/l,RIVER / RUNNING SURFACE WATER,False,ENVIRONMENTAL MONITORING STATUTORY (EU DIRECTIVES),462655,234551
60,537,http://environment.data.gov.uk/water-quality/data/measurement/AN-1186904-0119,http://environment.data.gov.uk/water-quality/id/sampling-point/AN-01M05,AN-01M05,R.OUSE FULWELL CROSSING,2002-08-01T12:20:00,NH3 un-ion,Ammonia un-ionised as N,119,None,0.0019,None,mg/l,RIVER / RUNNING SURFACE WATER,False,ENVIRONMENTAL MONITORING STATUTORY (EU DIRECTIVES),462655,234551
61,547,http://environment.data.gov.uk/water-quality/data/measurement/AN-1190155-0085,http://environment.data.gov.uk/water-quality/id/sampling-point/AN-01M05,AN-01M05,R.OUSE FULWELL CROSSING,2002-09-02T11:55:00,BOD ATU,BOD : 5 Day ATU,85,None,1.4,None,mg/l,RIVER / RUNNING SURFACE WATER,False,ENVIRONMENTAL MONITORING STATUTORY (EU DIRECTIVES),462655,234551
62,557,http://environment.data.gov.uk/water-quality/data/measurement/AN-1190155-6455,http://environment.data.gov.uk/water-quality/id/sampling-point/AN-01M05,AN-01M05,R.OUSE FULWELL CROSSING,2002-09-02T11:55:00,Zinc - as Zn,Zinc,6455,None,22.5,None,ug/l,RIVER / RUNNING SURFACE WATER,False,ENVIRONMENTAL MONITORING STATUTORY (EU DIRECTIVES),462655,234551
63,567,http://environment.data.gov.uk/water-quality/data/measurement/AN-1194049-9819,http://environment.data.gov.uk/water-quality/id/sampling-point/AN-01M05,AN-01M05,R.OUSE FULWELL CROSSING,2002-09-18T19:40:00,"2,4,6-T","2,4,6-Trichlorophenol",9819,None,0.2,None,ug/l,RIVER / RUNNING SURFACE WATER,False,UNPLANNED REACTIVE MONITORING FORMAL (POLLUTION INCIDENTS),462655,234551
64,577,http://environment.data.gov.uk/water-quality/data/measurement/AN-1194049-9094,http://environment.data.gov.uk/water-quality/id/sampling-point/AN-01M05,AN-01M05,R.OUSE FULWELL CROSSING,2002-09-18T19:40:00,"2,5-Xylenol","2,5-Dimethylphenol :- {2,5-Xylenol}",9094,None,0.2,None,ug/l,RIVER / RUNNING SURFACE WATER,False,UNPLANNED REACTIVE MONITORING FORMAL (POLLUTION INCIDENTS),462655,234551
65,587,http://environment.data.gov.uk/water-quality/data/measurement/AN-1192261-0077,http://environment.data.gov.uk/water-quality/id/sampling-point/AN-01M05,AN-01M05,R.OUSE FULWELL CROSSING,2002-09-19T08:30:00,Cond @ 25C,Conductivity at 25 C,77,None,1120.0,None,us/cm,RIVER / RUNNING SURFACE WATER,False,UNSPECIFIED AT TIME OF WIMS LOAD,462655,234551
66,597,http://environment.data.gov.uk/water-quality/data/measurement/AN-1195996-0085,http://environment.data.gov.uk/water-quality/id/sampling-point/AN-01M05,AN-01M05,R.OUSE FULWELL CROSSING,2002-10-15T11:40:00,BOD ATU,BOD : 5 Day ATU,85,None,3.0,None,mg/l,RIVER / RUNNING SURFACE WATER,False,ENVIRONMENTAL MONITORING STATUTORY (EU DIRECTIVES),462655,234551
67,607,http://environment.data.gov.uk/water-quality/data/measurement/AN-1195996-0116,http://environment.data.gov.uk/water-quality/id/sampling-point/AN-01M05,AN-01M05,R.OUSE FULWELL CROSSING,2002-10-15T11:40:00,N Oxidised,"Nitrogen, Total Oxidised as N",116,None,9.89,None,mg/l,RIVER / RUNNING SURFACE WATER,False,ENVIRONMENTAL MONITORING STATUTORY (EU DIRECTIVES),462655,234551
68,617,http://environment.data.gov.uk/water-quality/data/measurement/AN-1201082-0085,http://environment.data.gov.uk/water-quality/id/sampling-point/AN-01M05,AN-01M05,R.OUSE FULWELL CROSSING,2002-11-18T14:58:00,BOD ATU,BOD : 5 Day ATU,85,None,1.2,None,mg/l,RIVER / RUNNING SURFACE WATER,False,ENVIRONMENTAL MONITORING STATUTORY (EU DIRECTIVES),462655,234551
69,627,http://environment.data.gov.uk/water-quality/data/measurement/AN-1201082-0068,http://environment.data.gov.uk/water-quality/id/sampling-point/AN-01M05,AN-01M05,R.OUSE FULWELL CROSSING,2002-11-18T14:58:00,Turbidity,Turbidity,68,None,11.0,None,ftu,RIVER / RUNNING SURFACE WATER,False,ENVIRONMENTAL MONITORING STATUTORY (EU DIRECTIVES),462655,234551
70,637,http://environment.data.gov.uk/water-quality/data/measurement/AN-1202753-9901,http://environment.data.gov.uk/water-quality/id/sampling-point/AN-01M05,AN-01M05,R.OUSE FULWELL CROSSING,2002-12-09T13:35:00,O Diss %sat,"Oxygen, Dissolved, % Saturation",9901,None,90.1,None,%,RIVER / RUNNING SURFACE WATER,False,ENVIRONMENTAL MONITORING STATUTORY (EU DIRECTIVES),462655,234551
71,647,http://environment.data.gov.uk/water-quality/data/measurement/AN-1202753-3164,http://environment.data.gov.uk/water-quality/id/sampling-point/AN-01M05,AN-01M05,R.OUSE FULWELL CROSSING,2002-12-09T13:35:00,Chromium -Cr,Chromium,3164,None,2.7,None,ug/l,RIVER / RUNNING SURFACE WATER,False,ENVIRONMENTAL MONITORING STATUTORY (EU DIRECTIVES),462655,234551
72,657,http://environment.data.gov.uk/water-quality/data/measurement/AN-1165739-0172,http://environment.data.gov.uk/water-quality/id/sampling-point/AN-01M07,AN-01M07,R.OUSE BOURTON MILL,2002-01-23T10:30:00,Chloride Ion,Chloride,172,None,44.6,None,mg/l,RIVER / RUNNING SURFACE WATER,False,ENVIRONMENTAL MONITORING (GQA & RE ONLY),470789,233419
73,667,http://environment.data.gov.uk/water-quality/data/measurement/AN-1167781-0111,http://environment.data.gov.uk/water-quality/id/sampling-point/AN-01M07,AN-01M07,R.OUSE BOURTON MILL,2002-02-13T09:15:00,Ammonia(N),Ammoniacal Nitrogen as N,111,None,0.042,None,mg/l,RIVER / RUNNING SURFACE WATER,False,ENVIRONMENTAL MONITORING (GQA & RE ONLY),470789,233419
74,677,http://environment.data.gov.uk/water-quality/data/measurement/AN-1167781-0077,http://environment.data.gov.uk/water-quality/id/sampling-point/AN-01M07,AN-01M07,R.OUSE BOURTON MILL,2002-02-13T09:15:00,Cond @ 25C,Conductivity at 25 C,77,None,689.0,None,us/cm,RIVER / RUNNING SURFACE WATER,False,ENVIRONMENTAL MONITORING (GQA & RE ONLY),470789,233419
75,687,http://environment.data.gov.uk/water-quality/data/measurement/AN-1170888-0172,http://environment.data.gov.uk/water-quality/id/sampling-point/AN-01M07,AN-01M07,R.OUSE BOURTON MILL,2002-03-15T10:20:00,Chloride Ion,Chloride,172,None,43.7,None,mg/l,RIVER / RUNNING SURFACE WATER,False,ENVIRONMENTAL MONITORING (GQA & RE ONLY),470789,233419
76,697,http://environment.data.gov.uk/water-quality/data/measurement/AN-1174856-0111,http://environment.data.gov.uk/water-quality/id/sampling-point/AN-01M07,AN-01M07,R.OUSE BOURTON MILL,2002-04-16T09:40:00,Ammonia(N),Ammoniacal Nitrogen as N,111,None,0.03,None,mg/l,RIVER / RUNNING SURFACE WATER,False,ENVIRONMENTAL MONITORING (GQA & RE ONLY),470789,233419
77,707,http://environment.data.gov.uk/water-quality/data/measurement/AN-1178452-9901,http://environment.data.gov.uk/water-quality/id/sampling-point/AN-01M07,AN-01M07,R.OUSE BOURTON MILL,2002-05-22T09:25:00,O Diss %sat,"Oxygen, Dissolved, % Saturation",9901,None,88.0,None,%,RIVER / RUNNING SURFACE WATER,False,ENVIRONMENTAL MONITORING (GQA & RE ONLY),470789,233419
78,717,http://environment.data.gov.uk/water-quality/data/measurement/AN-1180436-0111,http://environment.data.gov.uk/water-quality/id/sampling-point/AN-01M07,AN-01M07,R.OUSE BOURTON MILL,2002-06-14T10:50:00,Ammonia(N),Ammoniacal Nitrogen as N,111,None,0.202,None,mg/l,RIVER / RUNNING SURFACE WATER,False,ENVIRONMENTAL MONITORING (GQA & RE ONLY),470789,233419
79,727,http://environment.data.gov.uk/water-quality/data/measurement/AN-1183636-9901,http://environment.data.gov.uk/water-quality/id/sampling-point/AN-01M07,AN-01M07,R.OUSE BOURTON MILL,2002-07-12T09:40:00,O Diss %sat,"Oxygen, Dissolved, % Saturation",9901,None,69.9,None,%,RIVER / RUNNING SURFACE WATER,False,ENVIRONMENTAL MONITORING (GQA & RE ONLY),470789,233419
80,737,http://environment.data.gov.uk/water-quality/data/measurement/AN-1186905-0076,http://environment.data.gov.uk/water-quality/id/sampling-point/AN-01M07,AN-01M07,R.OUSE BOURTON MILL,2002-08-01T10:30:00,Temp Water,Temperature of Water,76,None,17.3,None,cel,RIVER / RUNNING SURFACE WATER,False,ENVIRONMENTAL MONITORING (GQA & RE ONLY),470789,233419
81,747,http://environment.data.gov.uk/water-quality/data/measurement/AN-1190156-0172,http://environment.data.gov.uk/water-quality/id/sampling-point/AN-01M07,AN-01M07,R.OUSE BOURTON MILL,2002-09-02T10:55:00,Chloride Ion,Chloride,172,None,80.5,None,mg/l,RIVER / RUNNING SURFACE WATER,False,ENVIRONMENTAL MONITORING (GQA & RE ONLY),470789,233419
82,757,http://environment.data.gov.uk/water-quality/data/measurement/AN-1194050-9091,http://environment.data.gov.uk/water-quality/id/sampling-point/AN-01M07,AN-01M07,R.OUSE BOURTON MILL,2002-09-18T19:00:00,25Dichlrphnl,"2,5-Dichlorophenol",9091,None,0.04,None,ug/l,RIVER / RUNNING SURFACE WATER,False,UNPLANNED REACTIVE MONITORING FORMAL (POLLUTION INCIDENTS),470789,233419
83,767,http://environment.data.gov.uk/water-quality/data/measurement/AN-1194050-9814,http://environment.data.gov.uk/water-quality/id/sampling-point/AN-01M07,AN-01M07,R.OUSE BOURTON MILL,2002-09-18T19:00:00,2Chlorophenl,2-Chlorophenol,9814,None,0.04,None,ug/l,RIVER / RUNNING SURFACE WATER,False,UNPLANNED REACTIVE MONITORING FORMAL (POLLUTION INCIDENTS),470789,233419
84,777,http://environment.data.gov.uk/water-quality/data/measurement/AN-1194050-6577,http://environment.data.gov.uk/water-quality/id/sampling-point/AN-01M07,AN-01M07,R.OUSE BOURTON MILL,2002-09-18T19:00:00,"3,4 Xylenol","3,4-Dimethylphenol :- {3,4-Xylenol}",6577,None,0.04,None,ug/l,RIVER / RUNNING SURFACE WATER,False,UNPLANNED REACTIVE MONITORING FORMAL (POLLUTION INCIDENTS),470789,233419
85,787,http://environment.data.gov.uk/water-quality/data/measurement/AN-1192591-0180,http://environment.data.gov.uk/water-quality/id/sampling-point/AN-01M07,AN-01M07,R.OUSE BOURTON MILL,2002-09-19T17:35:00,Orthophospht,"Orthophosphate, reactive as P",180,None,0.182,None,mg/l,RIVER / RUNNING SURFACE WATER,False,UNPLANNED REACTIVE MONITORING FORMAL (POLLUTION INCIDENTS),470789,233419
86,797,http://environment.data.gov.uk/water-quality/data/measurement/AN-1192592-0135,http://environment.data.gov.uk/water-quality/id/sampling-point/AN-01M07,AN-01M07,R.OUSE BOURTON MILL,2002-09-20T13:15:00,Sld Sus@105C,"Solids, Suspended at 105 C",135,None,15.0,None,mg/l,RIVER / RUNNING SURFACE WATER,False,UNPLANNED REACTIVE MONITORING FORMAL (POLLUTION INCIDENTS),470789,233419
87,807,http://environment.data.gov.uk/water-quality/data/measurement/AN-1195997-0068,http://environment.data.gov.uk/water-quality/id/sampling-point/AN-01M07,AN-01M07,R.OUSE BOURTON MILL,2002-10-15T10:50:00,Turbidity,Turbidity,68,None,10.9,None,ftu,RIVER / RUNNING SURFACE WATER,False,ENVIRONMENTAL MONITORING (GQA & RE ONLY),470789,233419
88,817,http://environment.data.gov.uk/water-quality/data/measurement/AN-1201084-9901,http://environment.data.gov.uk/water-quality/id/sampling-point/AN-01M07,AN-01M07,R.OUSE BOURTON MILL,2002-11-18T15:34:00,O Diss %sat,"Oxygen, Dissolved, % Saturation",9901,None,95.1,None,%,RIVER / RUNNING SURFACE WATER,False,ENVIRONMENTAL MONITORING (GQA & RE ONLY),470789,233419
89,827,http://environment.data.gov.uk/water-quality/data/measurement/AN-1202757-0076,http://environment.data.gov.uk/water-quality/id/sampling-point/AN-01M07,AN-01M07,R.OUSE BOURTON MILL,2002-12-09T12:37:00,Temp Water,Temperature of Water,76,None,5.86,None,cel,RIVER / RUNNING SURFACE WATER,False,ENVIRONMENTAL MONITORING (GQA & RE ONLY),470789,233419
90,837,http://environment.data.gov.uk/water-quality/data/measurement/AN-1165740-0172,http://environment.data.gov.uk/water-quality/id/sampling-point/AN-01M14,AN-01M14,R.OUSE WATER STRATFORD RD.BR.,2002-01-23T10:45:00,Chloride Ion,Chloride,172,None,49.0,None,mg/l,RIVER / RUNNING SURFACE WATER,False,ENVIRONMENTAL MONITORING STATUTORY (EU DIRECTIVES),465205,234067
91,847,http://environment.data.gov.uk/water-quality/data/measurement/AN-1165740-0076,http://environment.data.gov.uk/water-quality/id/sampling-point/AN-01M14,AN-01M14,R.OUSE WATER STRATFORD RD.BR.,2002-01-23T10:45:00,Temp Water,Temperature of Water,76,None,7.8,None,cel,RIVER / RUNNING SURFACE WATER,False,ENVIRONMENTAL MONITORING STATUTORY (EU DIRECTIVES),465205,234067
92,857,http://environment.data.gov.uk/water-quality/data/measurement/AN-1168127-6455,http://environment.data.gov.uk/water-quality/id/sampling-point/AN-01M14,AN-01M14,R.OUSE WATER STRATFORD RD.BR.,2002-02-13T09:35:00,Zinc - as Zn,Zinc,6455,None,15.5,None,ug/l,RIVER / RUNNING SURFACE WATER,False,ENVIRONMENTAL MONITORING STATUTORY (EU DIRECTIVES),465205,234067
93,867,http://environment.data.gov.uk/water-quality/data/measurement/AN-1168127-3164,http://environment.data.gov.uk/water-quality/id/sampling-point/AN-01M14,AN-01M14,R.OUSE WATER STRATFORD RD.BR.,2002-02-13T09:35:00,Chromium -Cr,Chromium,3164,None,1.7000000000000002,None,ug/l,RIVER / RUNNING SURFACE WATER,False,ENVIRONMENTAL MONITORING STATUTORY (EU DIRECTIVES),465205,234067
94,877,http://environment.data.gov.uk/water-quality/data/measurement/AN-1171524-6462,http://environment.data.gov.uk/water-quality/id/sampling-point/AN-01M14,AN-01M14,R.OUSE WATER STRATFORD RD.BR.,2002-03-15T10:35:00,Nickel - Ni,Nickel,6462,None,5.0,None,ug/l,RIVER / RUNNING SURFACE WATER,False,ENVIRONMENTAL MONITORING STATUTORY (EU DIRECTIVES),465205,234067
95,887,http://environment.data.gov.uk/water-quality/data/measurement/AN-1174857-0119,http://environment.data.gov.uk/water-quality/id/sampling-point/AN-01M14,AN-01M14,R.OUSE WATER STRATFORD RD.BR.,2002-04-16T10:00:00,NH3 un-ion,Ammonia un-ionised as N,119,None,0.0007,None,mg/l,RIVER / RUNNING SURFACE WATER,False,ENVIRONMENTAL MONITORING STATUTORY (EU DIRECTIVES),465205,234067
96,897,http://environment.data.gov.uk/water-quality/data/measurement/AN-1174857-0076,http://environment.data.gov.uk/water-quality/id/sampling-point/AN-01M14,AN-01M14,R.OUSE WATER STRATFORD RD.BR.,2002-04-16T10:00:00,Temp Water,Temperature of Water,76,None,8.4,None,cel,RIVER / RUNNING SURFACE WATER,False,ENVIRONMENTAL MONITORING STATUTORY (EU DIRECTIVES),465205,234067
97,907,http://environment.data.gov.uk/water-quality/data/measurement/AN-1178453-0061,http://environment.data.gov.uk/water-quality/id/sampling-point/AN-01M14,AN-01M14,R.OUSE WATER STRATFORD RD.BR.,2002-05-22T10:20:00,pH,pH,61,None,8.3,None,phunits,RIVER / RUNNING SURFACE WATER,False,ENVIRONMENTAL MONITORING STATUTORY (EU DIRECTIVES),465205,234067
98,917,http://environment.data.gov.uk/water-quality/data/measurement/AN-1178453-6462,http://environment.data.gov.uk/water-quality/id/sampling-point/AN-01M14,AN-01M14,R.OUSE WATER STRATFORD RD.BR.,2002-05-22T10:20:00,Nickel - Ni,Nickel,6462,None,5.0,None,ug/l,RIVER / RUNNING SURFACE WATER,False,ENVIRONMENTAL MONITORING STATUTORY (EU DIRECTIVES),465205,234067
99,927,http://environment.data.gov.uk/water-quality/data/measurement/AN-1180437-0180,http://environment.data.gov.uk/water-quality/id/sampling-point/AN-01M14,AN-01M14,R.OUSE WATER STRATFORD RD.BR.,2002-06-14T11:20:00,Orthophospht,"Orthophosphate, reactive as P",180,None,0.263,None,mg/l,RIVER / RUNNING SURFACE WATER,False,ENVIRONMENTAL MONITORING STATUTORY (EU DIRECTIVES),465205,234067
100,937,http://environment.data.gov.uk/water-quality/data/measurement/AN-1180437-0105,http://environment.data.gov.uk/water-quality/id/sampling-point/AN-01M14,AN-01M14,R.OUSE WATER STRATFORD RD.BR.,2002-06-14T11:20:00,Mercury - Hg,Mercury,105,None,0.01,None,ug/l,RIVER / RUNNING SURFACE WATER,False,ENVIRONMENTAL MONITORING STATUTORY (EU DIRECTIVES),465205,234067
101,947,http://environment.data.gov.uk/water-quality/data/measurement/AN-1183637-0077,http://environment.data.gov.uk/water-quality/id/sampling-point/AN-01M14,AN-01M14,R.OUSE WATER STRATFORD RD.BR.,2002-07-12T10:00:00,Cond @ 25C,Conductivity at 25 C,77,None,805.0,None,us/cm,RIVER / RUNNING SURFACE WATER,False,ENVIRONMENTAL MONITORING STATUTORY (EU DIRECTIVES),465205,234067
102,957,http://environment.data.gov.uk/water-quality/data/measurement/AN-1183637-0076,http://environment.data.gov.uk/water-quality/id/sampling-point/AN-01M14,AN-01M14,R.OUSE WATER STRATFORD RD.BR.,2002-07-12T10:00:00,Temp Water,Temperature of Water,76,None,14.25,None,cel,RIVER / RUNNING SURFACE WATER,False,ENVIRONMENTAL MONITORING STATUTORY (EU DIRECTIVES),465205,234067
103,967,http://environment.data.gov.uk/water-quality/data/measurement/AN-1186906-9901,http://environment.data.gov.uk/water-quality/id/sampling-point/AN-01M14,AN-01M14,R.OUSE WATER STRATFORD RD.BR.,2002-08-01T11:05:00,O Diss %sat,"Oxygen, Dissolved, % Saturation",9901,None,89.6,None,%,RIVER / RUNNING SURFACE WATER,False,ENVIRONMENTAL MONITORING STATUTORY (EU DIRECTIVES),465205,234067
104,977,http://environment.data.gov.uk/water-quality/data/measurement/AN-1190157-0068,http://environment.data.gov.uk/water-quality/id/sampling-point/AN-01M14,AN-01M14,R.OUSE WATER STRATFORD RD.BR.,2002-09-02T11:45:00,Turbidity,Turbidity,68,None,14.1,None,ftu,RIVER / RUNNING SURFACE WATER,False,ENVIRONMENTAL MONITORING STATUTORY (EU DIRECTIVES),465205,234067
105,987,http://environment.data.gov.uk/water-quality/data/measurement/AN-1190157-0085,http://environment.data.gov.uk/water-quality/id/sampling-point/AN-01M14,AN-01M14,R.OUSE WATER STRATFORD RD.BR.,2002-09-02T11:45:00,BOD ATU,BOD : 5 Day ATU,85,None,1.7000000000000002,None,mg/l,RIVER / RUNNING SURFACE WATER,False,ENVIRONMENTAL MONITORING STATUTORY (EU DIRECTIVES),465205,234067
106,997,http://environment.data.gov.uk/water-quality/data/measurement/AN-1194051-0180,http://environment.data.gov.uk/water-quality/id/sampling-point/AN-01M14,AN-01M14,R.OUSE WATER STRATFORD RD.BR.,2002-09-18T19:15:00,Orthophospht,"Orthophosphate, reactive as P",180,None,0.353,None,mg/l,RIVER / RUNNING SURFACE WATER,False,UNPLANNED REACTIVE MONITORING FORMAL (POLLUTION INCIDENTS),465205,234067
107,1007,http://environment.data.gov.uk/water-quality/data/measurement/AN-1194051-9818,http://environment.data.gov.uk/water-quality/id/sampling-point/AN-01M14,AN-01M14,R.OUSE WATER STRATFORD RD.BR.,2002-09-18T19:15:00,245Trichlphl,"2,4,5-Trichlorophenol",9818,None,0.04,None,ug/l,RIVER / RUNNING SURFACE WATER,False,UNPLANNED REACTIVE MONITORING FORMAL (POLLUTION INCIDENTS),465205,234067
108,1017,http://environment.data.gov.uk/water-quality/data/measurement/AN-1194051-5562,http://environment.data.gov.uk/water-quality/id/sampling-point/AN-01M14,AN-01M14,R.OUSE WATER STRATFORD RD.BR.,2002-09-18T19:15:00,o-Cresol,2-Methylphenol :- {o-Cresol},5562,None,0.5730000000000001,None,ug/l,RIVER / RUNNING SURFACE WATER,False,UNPLANNED REACTIVE MONITORING FORMAL (POLLUTION INCIDENTS),465205,234067
109,1027,http://environment.data.gov.uk/water-quality/data/measurement/AN-1192593-0092,http://environment.data.gov.uk/water-quality/id/sampling-point/AN-01M14,AN-01M14,R.OUSE WATER STRATFORD RD.BR.,2002-09-19T16:40:00,COD as O2,Chemical Oxygen Demand :- {COD},92,None,25.0,None,mg/l,RIVER / RUNNING SURFACE WATER,False,UNPLANNED REACTIVE MONITORING FORMAL (POLLUTION INCIDENTS),465205,234067
110,1037,http://environment.data.gov.uk/water-quality/data/measurement/AN-1192594-0118,http://environment.data.gov.uk/water-quality/id/sampling-point/AN-01M14,AN-01M14,R.OUSE WATER STRATFORD RD.BR.,2002-09-20T14:05:00,Nitrite-N,Nitrite as N,118,None,0.0115,None,mg/l,RIVER / RUNNING SURFACE WATER,False,UNPLANNED REACTIVE MONITORING FORMAL (POLLUTION INCIDENTS),465205,234067
111,1047,http://environment.data.gov.uk/water-quality/data/measurement/AN-1195998-0119,http://environment.data.gov.uk/water-quality/id/sampling-point/AN-01M14,AN-01M14,R.OUSE WATER STRATFORD RD.BR.,2002-10-15T11:30:00,NH3 un-ion,Ammonia un-ionised as N,119,None,0.0036000000000000003,None,mg/l,RIVER / RUNNING SURFACE WATER,False,ENVIRONMENTAL MONITORING STATUTORY (EU DIRECTIVES),465205,234067
112,1057,http://environment.data.gov.uk/water-quality/data/measurement/AN-1201083-0076,http://environment.data.gov.uk/water-quality/id/sampling-point/AN-01M14,AN-01M14,R.OUSE WATER STRATFORD RD.BR.,2002-11-18T15:18:00,Temp Water,Temperature of Water,76,None,8.47,None,cel,RIVER / RUNNING SURFACE WATER,False,ENVIRONMENTAL MONITORING STATUTORY (EU DIRECTIVES),465205,234067
113,1067,http://environment.data.gov.uk/water-quality/data/measurement/AN-1201083-0077,http://environment.data.gov.uk/water-quality/id/sampling-point/AN-01M14,AN-01M14,R.OUSE WATER STRATFORD RD.BR.,2002-11-18T15:18:00,Cond @ 25C,Conductivity at 25 C,77,None,711.0,None,us/cm,RIVER / RUNNING SURFACE WATER,False,ENVIRONMENTAL MONITORING STATUTORY (EU DIRECTIVES),465205,234067
114,1077,http://environment.data.gov.uk/water-quality/data/measurement/AN-1202755-9901,http://environment.data.gov.uk/water-quality/id/sampling-point/AN-01M14,AN-01M14,R.OUSE WATER STRATFORD RD.BR.,2002-12-09T13:52:00,O Diss %sat,"Oxygen, Dissolved, % Saturation",9901,None,86.0,None,%,RIVER / RUNNING SURFACE WATER,False,ENVIRONMENTAL MONITORING STATUTORY (EU DIRECTIVES),465205,234067
115,1087,http://environment.data.gov.uk/water-quality/data/measurement/AN-1202755-6462,http://environment.data.gov.uk/water-quality/id/sampling-point/AN-01M14,AN-01M14,R.OUSE WATER STRATFORD RD.BR.,2002-12-09T13:52:00,Nickel - Ni,Nickel,6462,None,5.0,None,ug/l,RIVER / RUNNING SURFACE WATER,False,ENVIRONMENTAL MONITORING STATUTORY (EU DIRECTIVES),465205,234067
116,1097,http://environment.data.gov.uk/water-quality/data/measurement/AN-1184222-0085,http://environment.data.gov.uk/water-quality/id/sampling-point/AN-021126,AN-021126,SEVEN GABLES BUCKINGHAM RD.WINSLOW,2002-07-15T10:50:00,BOD ATU,BOD : 5 Day ATU,85,None,331.0,None,mg/l,FINAL SEWAGE EFFLUENT,True,COMPLIANCE AUDIT (PERMIT),475760,228480
117,1107,http://environment.data.gov.uk/water-quality/data/measurement/AN-1164279-0116,http://environment.data.gov.uk/water-quality/id/sampling-point/AN-02209B,AN-02209B,SHANKS & MCEWAN CALVERT LANDFILL,2002-01-10T12:55:00,N Oxidised,"Nitrogen, Total Oxidised as N",116,None,1.0,None,mg/l,ANY TRADE EFFLUENT,True,COMPLIANCE AUDIT (PERMIT),469000,224000
118,1117,http://environment.data.gov.uk/water-quality/data/measurement/AN-1164279-0111,http://environment.data.gov.uk/water-quality/id/sampling-point/AN-02209B,AN-02209B,SHANKS & MCEWAN CALVERT LANDFILL,2002-01-10T12:55:00,Ammonia(N),Ammoniacal Nitrogen as N,111,None,0.5,None,mg/l,ANY TRADE EFFLUENT,True,COMPLIANCE AUDIT (PERMIT),469000,224000
119,1127,http://environment.data.gov.uk/water-quality/data/measurement/AN-1166402-0061,http://environment.data.gov.uk/water-quality/id/sampling-point/AN-02209B,AN-02209B,SHANKS & MCEWAN CALVERT LANDFILL,2002-01-30T10:55:00,pH,pH,61,None,7.6,None,phunits,ANY TRADE EFFLUENT,True,COMPLIANCE AUDIT (PERMIT),469000,224000
120,1137,http://environment.data.gov.uk/water-quality/data/measurement/AN-1170035-0111,http://environment.data.gov.uk/water-quality/id/sampling-point/AN-02209B,AN-02209B,SHANKS & MCEWAN CALVERT LANDFILL,2002-02-28T14:05:00,Ammonia(N),Ammoniacal Nitrogen as N,111,None,0.5,None,mg/l,ANY TRADE EFFLUENT,True,COMPLIANCE AUDIT (PERMIT),469000,224000
121,1147,http://environment.data.gov.uk/water-quality/data/measurement/AN-1170035-0108,http://environment.data.gov.uk/water-quality/id/sampling-point/AN-02209B,AN-02209B,SHANKS & MCEWAN CALVERT LANDFILL,2002-02-28T14:05:00,Cadmium - Cd,Cadmium,108,None,1.0,None,ug/l,ANY TRADE EFFLUENT,True,COMPLIANCE AUDIT (PERMIT),469000,224000
122,1157,http://environment.data.gov.uk/water-quality/data/measurement/AN-1174179-3164,http://environment.data.gov.uk/water-quality/id/sampling-point/AN-02209B,AN-02209B,SHANKS & MCEWAN CALVERT LANDFILL,2002-04-16T14:10:00,Chromium -Cr,Chromium,3164,None,5.0,None,ug/l,ANY TRADE EFFLUENT,True,COMPLIANCE AUDIT (PERMIT),469000,224000
123,1167,http://environment.data.gov.uk/water-quality/data/measurement/AN-1177051-3164,http://environment.data.gov.uk/water-quality/id/sampling-point/AN-02209B,AN-02209B,SHANKS & MCEWAN CALVERT LANDFILL,2002-05-13T11:50:00,Chromium -Cr,Chromium,3164,None,5.0,None,ug/l,ANY TRADE EFFLUENT,True,COMPLIANCE AUDIT (PERMIT),469000,224000
124,1177,http://environment.data.gov.uk/water-quality/data/measurement/AN-1177051-0135,http://environment.data.gov.uk/water-quality/id/sampling-point/AN-02209B,AN-02209B,SHANKS & MCEWAN CALVERT LANDFILL,2002-05-13T11:50:00,Sld Sus@105C,"Solids, Suspended at 105 C",135,None,17.3,None,mg/l,ANY TRADE EFFLUENT,True,COMPLIANCE AUDIT (PERMIT),469000,224000
125,1187,http://environment.data.gov.uk/water-quality/data/measurement/AN-1178454-0050,http://environment.data.gov.uk/water-quality/id/sampling-point/AN-02209B,AN-02209B,SHANKS & MCEWAN CALVERT LANDFILL,2002-05-22T14:15:00,Lead - as Pb,Lead,50,None,20.0,None,ug/l,ANY TRADE EFFLUENT,True,COMPLIANCE AUDIT (PERMIT),469000,224000
126,1197,http://environment.data.gov.uk/water-quality/data/measurement/AN-1181851-0061,http://environment.data.gov.uk/water-quality/id/sampling-point/AN-02209B,AN-02209B,SHANKS & MCEWAN CALVERT LANDFILL,2002-06-27T13:35:00,pH,pH,61,None,8.4,None,phunits,ANY TRADE EFFLUENT,True,COMPLIANCE AUDIT (PERMIT),469000,224000
127,1207,http://environment.data.gov.uk/water-quality/data/measurement/AN-1181851-0108,http://environment.data.gov.uk/water-quality/id/sampling-point/AN-02209B,AN-02209B,SHANKS & MCEWAN CALVERT LANDFILL,2002-06-27T13:35:00,Cadmium - Cd,Cadmium,108,None,1.0,None,ug/l,ANY TRADE EFFLUENT,True,COMPLIANCE AUDIT (PERMIT),469000,224000
128,1217,http://environment.data.gov.uk/water-quality/data/measurement/AN-1185455-0749,http://environment.data.gov.uk/water-quality/id/sampling-point/AN-02209B,AN-02209B,SHANKS & MCEWAN CALVERT LANDFILL,2002-07-22T13:45:00,Phenols Mono,Phenols : Monohydric as Phenol,749,None,0.006,None,mg/l,ANY TRADE EFFLUENT,True,COMPLIANCE AUDIT (PERMIT),469000,224000
129,1227,http://environment.data.gov.uk/water-quality/data/measurement/AN-1189878-6455,http://environment.data.gov.uk/water-quality/id/sampling-point/AN-02209B,AN-02209B,SHANKS & MCEWAN CALVERT LANDFILL,2002-08-20T14:10:00,Zinc - as Zn,Zinc,6455,None,50.0,None,ug/l,ANY TRADE EFFLUENT,True,COMPLIANCE AUDIT (PERMIT),469000,224000
130,1237,http://environment.data.gov.uk/water-quality/data/measurement/AN-1189878-0061,http://environment.data.gov.uk/water-quality/id/sampling-point/AN-02209B,AN-02209B,SHANKS & MCEWAN CALVERT LANDFILL,2002-08-20T14:10:00,pH,pH,61,None,8.35,None,phunits,ANY TRADE EFFLUENT,True,COMPLIANCE AUDIT (PERMIT),469000,224000
131,1247,http://environment.data.gov.uk/water-quality/data/measurement/AN-1199884-0183,http://environment.data.gov.uk/water-quality/id/sampling-point/AN-02209B,AN-02209B,SHANKS & MCEWAN CALVERT LANDFILL,2002-10-31T14:00:00,Sulphate SO4,Sulphate as SO4,183,None,1450.0,None,mg/l,ANY TRADE EFFLUENT,True,COMPLIANCE AUDIT (PERMIT),469000,224000
132,1257,http://environment.data.gov.uk/water-quality/data/measurement/AN-1201431-0116,http://environment.data.gov.uk/water-quality/id/sampling-point/AN-02209B,AN-02209B,SHANKS & MCEWAN CALVERT LANDFILL,2002-11-20T11:55:00,N Oxidised,"Nitrogen, Total Oxidised as N",116,None,1.3,None,mg/l,ANY TRADE EFFLUENT,True,COMPLIANCE AUDIT (PERMIT),469000,224000
133,1267,http://environment.data.gov.uk/water-quality/data/measurement/AN-1201431-6452,http://environment.data.gov.uk/water-quality/id/sampling-point/AN-02209B,AN-02209B,SHANKS & MCEWAN CALVERT LANDFILL,2002-11-20T11:55:00,Copper - Cu,Copper,6452,None,25.0,None,ug/l,ANY TRADE EFFLUENT,True,COMPLIANCE AUDIT (PERMIT),469000,224000
134,1277,http://environment.data.gov.uk/water-quality/data/measurement/AN-1196445-7668,http://environment.data.gov.uk/water-quality/id/sampling-point/AN-02400,AN-02400,ADDINGTON MANOR EST.STW O/F,2002-10-24T14:00:00,NO FLOW/SAMP,No flow /No sample,7668,None,0.0,None,coded,FINAL SEWAGE EFFLUENT,True,COMPLIANCE AUDIT (PERMIT),474300,228700
